Date,Open,High,Low,Close,Volume
28-Apr-17,50.69,51.34,50.51,50.87,2218110
27-Apr-17,51.09,51.43,50.70,50.78,993188
26-Apr-17,50.53,51.62,50.53,51.14,1618281
25-Apr-17,49.84,50.77,49.84,50.60,1326658
24-Apr-17,49.50,49.85,49.02,49.35,834393
21-Apr-17,49.32,49.35,48.55,48.66,1086683
20-Apr-17,48.50,49.43,48.47,49.17,940203
19-Apr-17,48.36,49.28,47.93,48.08,1534354
18-Apr-17,47.47,47.88,47.36,47.70,1010946
17-Apr-17,47.33,47.96,47.02,47.94,1164784
13-Apr-17,47.63,47.88,46.91,47.00,962805
12-Apr-17,48.54,48.74,47.59,47.72,1373961
11-Apr-17,49.20,49.28,48.58,49.16,946074
10-Apr-17,48.84,49.42,48.50,49.20,1036421
7-Apr-17,48.63,49.08,48.29,48.64,1014839
6-Apr-17,47.82,49.03,47.66,48.79,1470640
5-Apr-17,48.27,49.11,47.66,47.69,1109305
4-Apr-17,48.18,48.22,47.68,47.83,1488014
3-Apr-17,48.42,48.70,47.48,48.15,1622578
31-Mar-17,47.75,48.60,47.70,48.42,1395316
30-Mar-17,47.41,48.37,47.26,48.00,1632270
29-Mar-17,47.04,47.64,46.99,47.40,812310
28-Mar-17,46.88,47.52,46.76,47.18,1332586
27-Mar-17,45.65,47.15,44.88,46.97,1807711
24-Mar-17,46.21,46.54,45.42,45.65,1011250
23-Mar-17,45.91,46.36,45.77,46.08,879482
22-Mar-17,45.39,46.18,45.36,45.95,1633805
21-Mar-17,46.98,47.16,45.70,45.81,1225421
20-Mar-17,46.98,47.01,46.49,46.78,873405
17-Mar-17,47.04,47.13,46.51,46.99,1332756
16-Mar-17,47.28,47.52,46.49,46.92,1103081
15-Mar-17,46.31,47.51,45.95,47.18,1726153
14-Mar-17,45.76,45.92,44.71,45.49,1811658
13-Mar-17,46.05,46.63,45.88,46.22,1020937
10-Mar-17,45.53,46.13,45.50,46.00,1398550
9-Mar-17,45.85,45.94,44.78,45.22,2575691
8-Mar-17,46.07,46.37,45.80,45.97,2223072
7-Mar-17,46.22,46.49,45.88,46.00,1186712
6-Mar-17,46.04,46.43,45.94,46.15,1071475
3-Mar-17,47.09,47.28,46.37,46.52,1005374
2-Mar-17,47.95,48.16,46.93,47.03,1682781
1-Mar-17,47.20,48.38,47.20,48.09,1465513
28-Feb-17,47.78,47.97,46.32,46.45,1587255
27-Feb-17,47.66,48.02,47.27,47.94,1061306
24-Feb-17,46.35,47.73,46.00,47.72,2410724
23-Feb-17,48.89,49.07,46.72,46.78,2350478
22-Feb-17,48.11,48.75,47.92,48.65,1984845
21-Feb-17,48.20,49.21,48.15,48.38,2124087
17-Feb-17,48.50,50.03,48.18,48.37,5094007
16-Feb-17,51.35,51.58,50.53,50.81,2255261
15-Feb-17,50.79,51.25,50.63,51.20,2007684
14-Feb-17,51.20,51.52,50.79,50.93,1719615
13-Feb-17,51.20,51.82,51.20,51.50,1410619
10-Feb-17,50.95,51.20,50.68,50.96,2306189
9-Feb-17,50.87,51.25,50.56,50.68,1463427
8-Feb-17,49.32,51.17,49.02,50.63,2829582
7-Feb-17,48.62,49.65,48.50,49.59,1881242
6-Feb-17,48.37,48.90,47.98,48.36,949923
3-Feb-17,48.61,48.86,48.22,48.65,1739958
2-Feb-17,48.95,49.10,47.96,48.19,2063141
1-Feb-17,49.29,49.86,48.81,49.27,1102284
31-Jan-17,50.23,50.31,48.83,49.16,1748244
30-Jan-17,51.38,51.38,49.92,50.48,1238093
27-Jan-17,51.44,51.67,51.23,51.44,1159255
26-Jan-17,51.81,52.10,51.22,51.54,1447852
25-Jan-17,51.10,51.89,50.95,51.85,1469709
24-Jan-17,50.37,51.16,50.15,50.95,1359938
23-Jan-17,50.59,50.71,49.52,50.00,875062
20-Jan-17,50.67,51.08,50.09,50.26,1284384
19-Jan-17,50.04,50.69,49.71,50.33,875270
18-Jan-17,49.49,49.97,49.19,49.86,638625
17-Jan-17,49.69,50.06,49.15,49.53,1108784
13-Jan-17,49.31,50.22,49.31,49.76,684590
12-Jan-17,49.65,49.65,48.31,49.31,1256976
11-Jan-17,49.17,49.71,48.80,49.63,870008
10-Jan-17,48.72,49.15,48.30,49.01,510875
9-Jan-17,48.40,48.89,48.10,48.51,741454
6-Jan-17,48.88,49.15,48.26,48.86,972695
5-Jan-17,49.38,50.00,48.47,48.65,1176141
4-Jan-17,49.25,49.63,49.08,49.56,593427
3-Jan-17,48.61,49.47,48.41,49.01,990447
30-Dec-16,48.27,48.38,47.80,48.05,497395
29-Dec-16,48.42,48.68,47.81,48.05,464380
28-Dec-16,49.41,49.82,48.49,48.51,757578
27-Dec-16,48.99,49.60,48.92,49.44,974287
23-Dec-16,49.11,49.31,48.78,48.82,431655
22-Dec-16,49.37,49.49,49.06,49.16,822805
21-Dec-16,49.15,49.68,48.74,49.38,1186253
20-Dec-16,48.73,49.21,48.39,49.07,739648
19-Dec-16,48.22,48.55,47.64,48.49,656160
16-Dec-16,49.04,49.30,48.12,48.20,1745013
15-Dec-16,49.08,49.47,48.60,48.97,1677191
14-Dec-16,50.43,51.15,49.07,49.24,1353312
13-Dec-16,51.45,51.55,50.24,50.56,1370528
12-Dec-16,51.15,52.08,50.92,51.03,1907213
9-Dec-16,51.12,51.73,50.95,51.72,819309
8-Dec-16,51.28,51.46,50.53,51.03,875553
7-Dec-16,49.70,51.26,49.70,51.06,1819104
6-Dec-16,48.58,49.78,48.42,49.75,2116990
5-Dec-16,50.00,50.00,48.80,49.00,1362123
2-Dec-16,49.89,49.93,49.00,49.42,1811339
1-Dec-16,48.13,50.77,47.81,49.85,3446256
30-Nov-16,45.86,48.07,45.76,47.45,1736633
29-Nov-16,46.05,46.05,44.89,45.04,1031145
28-Nov-16,46.74,46.85,46.37,46.48,1079321
25-Nov-16,46.79,46.89,46.51,46.89,397807
23-Nov-16,46.61,47.14,46.52,46.84,1326871
22-Nov-16,46.73,46.95,46.48,46.78,844610
21-Nov-16,46.37,47.04,46.35,46.60,859229
18-Nov-16,45.67,46.09,45.60,45.98,1314189
17-Nov-16,45.85,47.02,45.55,45.74,943472
16-Nov-16,45.37,45.82,45.04,45.64,1258146
15-Nov-16,45.66,45.80,45.02,45.62,1288672
14-Nov-16,46.14,47.00,45.23,45.67,1584938
11-Nov-16,45.86,46.63,45.28,45.83,1595585
10-Nov-16,44.60,46.04,44.59,45.94,1827779
9-Nov-16,41.63,44.55,41.63,44.19,1725041
8-Nov-16,41.90,42.29,41.53,41.86,1486738
7-Nov-16,42.24,42.58,41.65,42.04,1211883
4-Nov-16,41.63,41.92,41.03,41.35,1435736
3-Nov-16,41.76,41.96,41.35,41.68,926670
2-Nov-16,41.84,41.98,41.39,41.59,1732112
1-Nov-16,42.61,42.61,41.53,42.11,1667819
31-Oct-16,42.43,43.05,42.17,42.35,1613316
28-Oct-16,39.37,42.98,39.13,42.21,3464426
27-Oct-16,44.10,44.13,43.31,43.51,1662555
26-Oct-16,42.91,44.22,42.90,43.76,1167896
25-Oct-16,43.46,43.47,42.86,43.19,1293988
24-Oct-16,43.83,44.12,43.29,43.47,839726
21-Oct-16,43.10,43.88,42.66,43.60,1013225
20-Oct-16,44.08,44.79,43.42,43.73,1359258
19-Oct-16,43.19,45.04,42.97,44.45,2442316
18-Oct-16,42.98,43.29,42.41,42.93,1953319
17-Oct-16,43.48,43.56,43.07,43.11,1207508
14-Oct-16,44.05,44.22,43.02,43.39,1837612
13-Oct-16,43.99,44.01,43.36,43.69,1958075
12-Oct-16,44.86,45.12,44.54,44.57,946614
11-Oct-16,46.20,46.20,44.80,45.00,1137374
10-Oct-16,47.00,47.00,46.10,46.30,942077
7-Oct-16,47.78,47.78,46.42,46.75,725959
6-Oct-16,48.15,48.15,47.43,47.88,857857
5-Oct-16,48.20,48.81,48.10,48.24,1466314
4-Oct-16,48.75,48.75,47.50,47.72,746731
3-Oct-16,47.96,48.57,47.67,48.19,909157
30-Sep-16,47.64,48.49,47.58,48.24,1667957
29-Sep-16,47.17,47.92,46.98,47.33,1841815
28-Sep-16,45.84,47.26,45.75,47.20,1023026
27-Sep-16,45.00,45.88,44.73,45.82,1371131
26-Sep-16,46.17,46.17,45.41,45.45,1158648
23-Sep-16,47.80,47.87,46.16,46.18,1308226
22-Sep-16,47.74,48.27,47.69,48.17,440163
21-Sep-16,46.69,47.19,46.50,47.12,756301
20-Sep-16,47.29,47.60,46.43,46.44,688214
19-Sep-16,47.00,47.54,46.97,47.27,782172
16-Sep-16,46.30,46.74,45.88,46.66,1047190
15-Sep-16,46.11,46.93,45.97,46.77,501016
14-Sep-16,45.98,46.34,45.81,46.08,549716
13-Sep-16,46.42,46.94,45.89,46.08,497310
12-Sep-16,45.61,47.37,45.61,47.20,726514
9-Sep-16,47.40,47.91,46.24,46.24,1116879
8-Sep-16,47.91,48.26,47.50,48.08,574382
7-Sep-16,47.92,48.02,47.67,47.98,514088
6-Sep-16,48.82,49.00,47.97,48.09,523824
2-Sep-16,48.50,48.96,48.27,48.77,412948
1-Sep-16,48.31,48.53,47.43,48.07,588883
31-Aug-16,48.80,48.84,47.88,48.37,689233
30-Aug-16,49.41,49.66,48.93,49.03,450908
29-Aug-16,49.03,49.66,48.67,49.42,532366
26-Aug-16,48.79,49.42,48.61,49.13,858608
25-Aug-16,48.56,48.76,48.31,48.65,636161
24-Aug-16,48.86,49.26,48.57,48.69,490688
23-Aug-16,49.17,49.55,49.00,49.24,692233
22-Aug-16,48.96,49.03,48.44,48.90,639404
19-Aug-16,48.64,49.64,48.63,49.26,1354075
18-Aug-16,48.68,48.85,48.44,48.85,548659
17-Aug-16,48.45,48.65,48.11,48.60,1008585
16-Aug-16,48.09,48.42,47.81,48.35,974057
15-Aug-16,47.67,48.38,47.67,48.27,611824
12-Aug-16,47.73,47.74,47.25,47.49,567900
11-Aug-16,47.26,48.18,47.02,47.82,985944
10-Aug-16,47.30,47.42,46.71,46.95,690918
9-Aug-16,47.41,47.74,46.90,47.15,749814
8-Aug-16,47.17,47.67,47.13,47.48,1073319
5-Aug-16,46.67,46.99,46.43,46.89,709717
4-Aug-16,46.33,47.04,46.33,46.58,940088
3-Aug-16,45.49,46.76,45.44,46.39,1265487
2-Aug-16,45.92,45.99,45.27,45.63,2114460
1-Aug-16,47.58,47.65,45.67,45.96,1951581
29-Jul-16,49.13,49.15,47.18,47.85,2693335
28-Jul-16,49.30,49.61,48.88,49.40,1820948
27-Jul-16,48.69,49.48,48.69,49.45,1747701
26-Jul-16,47.31,48.67,47.31,48.60,915978
25-Jul-16,47.24,47.47,46.80,47.36,833601
22-Jul-16,47.40,47.72,46.98,47.68,864759
21-Jul-16,47.76,48.44,47.35,47.47,1467214
20-Jul-16,47.46,48.20,46.78,47.93,1498650
19-Jul-16,47.99,48.07,47.39,47.49,922662
18-Jul-16,48.39,48.59,48.11,48.31,1271170
15-Jul-16,48.66,48.91,48.51,48.56,1287445
14-Jul-16,48.34,48.76,48.23,48.60,4037857
13-Jul-16,47.85,48.13,47.41,47.71,2258586
12-Jul-16,46.79,47.92,46.78,47.82,1960594
11-Jul-16,46.08,46.52,45.85,46.17,1301999
8-Jul-16,45.57,45.96,45.44,45.79,2985534
7-Jul-16,45.12,45.80,44.75,44.95,1324253
6-Jul-16,43.89,44.90,43.54,44.87,1833423
5-Jul-16,45.02,45.03,43.92,44.17,1445451
1-Jul-16,45.09,45.79,45.04,45.45,1329828
30-Jun-16,44.50,45.17,44.06,45.17,1381732
29-Jun-16,44.15,44.66,43.79,44.39,1731373
28-Jun-16,43.77,44.13,42.86,43.52,2102860
27-Jun-16,44.61,44.88,42.85,43.00,2250522
24-Jun-16,47.97,48.33,45.32,45.50,2989712
23-Jun-16,50.41,50.66,50.10,50.28,1915490
22-Jun-16,50.02,50.13,49.48,49.51,1279681
21-Jun-16,50.31,50.39,49.57,49.77,1010880
20-Jun-16,50.79,50.96,50.39,50.42,1322831
17-Jun-16,49.68,50.43,49.33,50.00,952767
16-Jun-16,49.51,49.63,48.44,49.41,960413
15-Jun-16,50.36,50.62,49.84,49.92,1027833
14-Jun-16,49.82,50.49,49.51,50.21,1114307
13-Jun-16,50.57,50.80,49.93,49.95,922319
10-Jun-16,51.61,51.61,50.65,50.83,758397
9-Jun-16,51.82,52.29,51.61,52.27,809124
8-Jun-16,52.14,52.50,51.83,52.32,1242071
7-Jun-16,51.09,52.07,50.98,51.77,1479811
6-Jun-16,49.48,51.25,49.25,51.07,1704239
3-Jun-16,49.00,49.22,48.42,49.16,858957
2-Jun-16,47.95,48.98,47.93,48.98,946836
1-Jun-16,47.73,48.25,47.31,48.16,806639
31-May-16,48.18,48.64,47.76,48.13,973086
27-May-16,48.42,48.53,47.82,48.14,706042
26-May-16,48.69,49.00,48.36,48.42,1038125
25-May-16,47.07,48.67,46.86,48.54,1696472
24-May-16,46.21,46.96,46.06,46.80,887912
23-May-16,45.67,46.06,45.48,45.91,584032
20-May-16,45.34,45.87,45.31,45.82,859758
19-May-16,45.47,45.52,44.53,44.91,668728
18-May-16,45.60,46.10,45.29,45.58,1203514
17-May-16,45.71,46.33,45.56,45.89,910198
16-May-16,45.78,46.33,45.65,45.77,989039
13-May-16,45.89,46.30,45.12,45.38,1005706
12-May-16,46.85,47.22,45.80,45.98,1460740
11-May-16,46.37,46.93,46.18,46.52,1041797
10-May-16,45.53,46.39,45.32,46.32,829081
9-May-16,45.81,46.02,45.02,45.26,1011483
6-May-16,45.76,46.39,45.48,46.26,1167650
5-May-16,46.63,46.96,45.78,45.84,1469027
4-May-16,47.90,48.12,46.20,46.36,1451674
3-May-16,48.53,48.56,47.34,48.02,1324135
2-May-16,48.89,49.22,47.98,48.96,1259056
29-Apr-16,47.42,49.52,47.13,48.81,2665657
28-Apr-16,47.51,48.00,46.79,46.87,1811493
27-Apr-16,47.06,47.93,46.69,47.84,1288963
26-Apr-16,46.52,46.97,46.03,46.89,1489719
25-Apr-16,46.85,47.14,46.04,46.15,835163
22-Apr-16,46.67,47.10,46.53,47.00,1080613
21-Apr-16,46.85,47.00,46.51,46.61,1452320
20-Apr-16,46.19,47.02,45.95,46.84,1413134
19-Apr-16,44.86,46.22,44.81,46.02,1343795
18-Apr-16,43.65,44.49,43.56,44.44,678540
15-Apr-16,44.23,44.46,44.06,44.28,585037
14-Apr-16,44.38,44.85,44.17,44.40,640014
13-Apr-16,43.73,44.47,43.38,44.45,833272
12-Apr-16,42.49,43.62,42.36,43.30,1219672
11-Apr-16,42.39,42.89,42.13,42.30,875462
8-Apr-16,42.61,43.41,42.08,42.21,934782
7-Apr-16,42.07,42.42,41.97,42.12,1235403
6-Apr-16,42.28,42.41,41.52,42.30,1676451
5-Apr-16,42.05,42.27,41.70,42.10,1431122
4-Apr-16,43.49,43.61,42.38,42.56,1828367
1-Apr-16,43.92,44.08,42.89,43.91,1330240
31-Mar-16,44.08,44.44,43.55,44.41,1450932
30-Mar-16,44.54,44.66,43.69,44.04,1453167
29-Mar-16,43.60,44.18,43.01,44.13,962280
28-Mar-16,44.18,44.23,43.45,43.91,765224
24-Mar-16,43.96,44.14,43.33,44.14,1953172
23-Mar-16,46.38,46.47,44.45,44.46,1464454
22-Mar-16,46.69,47.22,46.36,46.68,810511
21-Mar-16,46.58,47.32,46.58,47.21,911112
18-Mar-16,46.29,47.11,46.20,46.81,1581408
17-Mar-16,44.78,46.20,44.78,45.98,2013620
16-Mar-16,43.91,44.94,43.62,44.61,1945954
15-Mar-16,44.64,44.64,43.52,43.91,800764
14-Mar-16,44.79,45.54,44.56,45.18,1345981
11-Mar-16,44.47,45.23,44.35,45.18,887121
10-Mar-16,43.97,43.99,43.13,43.90,1001137
9-Mar-16,44.36,44.36,43.75,43.95,493928
8-Mar-16,45.10,45.13,43.99,44.02,1580009
7-Mar-16,44.08,45.64,43.83,45.62,1205935
4-Mar-16,43.73,44.66,43.33,44.13,767832
3-Mar-16,43.06,43.68,42.91,43.51,1105759
2-Mar-16,42.70,43.16,42.47,43.12,1525001
1-Mar-16,42.63,43.10,41.91,42.83,1064547
29-Feb-16,42.24,42.70,42.00,42.02,1435866
26-Feb-16,42.19,42.84,41.63,42.29,1364654
25-Feb-16,42.12,42.36,41.24,41.61,1717367
24-Feb-16,41.50,41.98,40.67,41.91,1353918
23-Feb-16,43.02,43.60,42.21,42.22,998512
22-Feb-16,41.68,43.30,41.51,43.30,1626017
19-Feb-16,42.24,42.24,40.52,41.39,2349466
18-Feb-16,43.22,43.35,42.63,43.15,1228894
17-Feb-16,42.20,43.42,42.06,43.19,1573924
16-Feb-16,41.38,41.96,40.52,41.93,1359409
12-Feb-16,40.36,41.55,40.11,40.82,1104278
11-Feb-16,38.40,40.07,38.04,39.81,1587086
10-Feb-16,39.44,40.20,38.87,39.22,917942
9-Feb-16,39.61,40.41,39.34,39.59,1001492
8-Feb-16,40.13,40.82,39.73,40.39,1130970
5-Feb-16,40.10,41.01,39.83,40.72,1275909
4-Feb-16,38.49,41.15,37.75,40.31,2436073
3-Feb-16,37.48,38.51,36.85,38.43,1582342
2-Feb-16,35.25,37.32,35.25,37.05,2891134
1-Feb-16,38.05,38.52,37.11,38.37,1078977
29-Jan-16,37.74,38.70,37.64,38.64,1087482
28-Jan-16,37.78,38.88,36.93,37.52,1105311
27-Jan-16,37.31,38.05,36.80,37.02,1211286
26-Jan-16,36.63,37.49,36.18,37.36,1232139
25-Jan-16,36.80,37.00,35.87,35.92,1085550
22-Jan-16,36.75,37.54,36.47,37.02,1818181
21-Jan-16,35.39,36.34,34.90,35.83,1798492
20-Jan-16,34.61,35.72,33.86,35.53,2561049
19-Jan-16,36.06,37.21,34.90,35.40,1352176
15-Jan-16,36.05,36.23,35.67,36.01,2520575
14-Jan-16,37.59,37.75,36.73,37.18,2387002
13-Jan-16,38.25,38.78,37.36,37.40,1619056
12-Jan-16,38.27,38.40,37.23,38.02,1273112
11-Jan-16,38.12,38.23,37.28,37.82,1326687
8-Jan-16,38.97,39.48,37.98,38.03,1515320
7-Jan-16,39.65,39.73,39.02,39.28,1990489
6-Jan-16,40.30,40.73,39.98,40.28,2249289
5-Jan-16,42.03,42.07,40.75,41.12,982564
4-Jan-16,41.40,42.03,40.90,42.01,947249
31-Dec-15,42.41,42.83,42.06,42.08,571197
30-Dec-15,42.54,43.09,42.37,42.56,773732
29-Dec-15,42.70,43.05,42.25,42.87,977286
28-Dec-15,42.45,42.67,41.99,42.15,696731
24-Dec-15,42.47,43.06,42.47,42.89,533779
23-Dec-15,41.18,42.72,41.18,42.49,1196664
22-Dec-15,40.35,40.96,40.10,40.64,1153758
21-Dec-15,40.76,41.16,40.10,40.40,1289912
18-Dec-15,40.54,41.00,40.31,40.66,2501260
17-Dec-15,41.78,41.90,40.79,40.80,1227763
16-Dec-15,41.13,41.91,40.87,41.86,1548746
15-Dec-15,41.84,41.84,40.85,41.07,1131119
14-Dec-15,41.23,41.44,40.69,41.40,1055292
11-Dec-15,41.49,41.65,41.17,41.24,840273
10-Dec-15,42.08,42.52,41.86,42.13,759230
9-Dec-15,41.90,42.82,41.74,42.10,1005001
8-Dec-15,42.67,42.92,41.90,42.07,1635487
7-Dec-15,44.46,44.46,43.44,43.60,1113721
4-Dec-15,44.92,45.20,44.46,44.95,636901
3-Dec-15,45.52,45.66,44.53,44.95,722276
2-Dec-15,46.33,46.47,45.18,45.39,717473
1-Dec-15,46.35,46.98,45.98,46.41,721472
30-Nov-15,46.16,46.74,46.01,46.24,992770
27-Nov-15,46.31,46.42,45.96,46.17,385168
25-Nov-15,46.57,46.89,46.33,46.34,773314
24-Nov-15,45.63,46.80,45.48,46.63,796436
23-Nov-15,45.85,46.29,45.59,45.76,573943
20-Nov-15,46.01,46.31,45.63,45.74,717094
19-Nov-15,45.53,45.89,45.35,45.84,670973
18-Nov-15,45.18,45.68,44.86,45.64,1064135
17-Nov-15,45.58,45.74,44.46,44.71,1161401
16-Nov-15,44.76,45.54,44.68,45.48,778716
13-Nov-15,44.92,45.56,44.58,44.81,988514
12-Nov-15,45.98,46.28,44.96,44.98,1253677
11-Nov-15,46.82,47.07,46.30,46.46,553861
10-Nov-15,46.15,46.75,45.94,46.75,868724
9-Nov-15,47.26,47.49,46.04,46.43,1175144
6-Nov-15,47.23,47.69,46.43,47.42,1275932
5-Nov-15,47.62,48.26,47.09,47.58,1163161
4-Nov-15,48.02,48.64,47.81,47.91,1422874
3-Nov-15,46.68,48.26,46.25,48.04,1845538
2-Nov-15,46.07,47.09,45.95,46.71,1413594
30-Oct-15,45.82,47.27,45.50,46.36,2762925
29-Oct-15,44.37,45.34,44.29,45.00,2371982
28-Oct-15,42.92,44.73,42.76,44.70,2618192
27-Oct-15,42.91,43.45,42.24,42.97,1763002
26-Oct-15,43.80,44.24,43.24,43.48,1468279
23-Oct-15,43.24,43.92,43.14,43.77,2020716
22-Oct-15,41.84,43.18,41.78,42.98,2808722
21-Oct-15,42.11,42.41,41.52,41.70,2474219
20-Oct-15,41.45,42.85,40.72,42.01,3037431
19-Oct-15,41.57,41.85,41.10,41.65,3909999
16-Oct-15,43.00,43.29,41.42,41.82,2312689
15-Oct-15,43.57,43.79,42.29,43.00,2101201
14-Oct-15,43.85,44.45,43.55,43.77,1897486
13-Oct-15,44.91,45.51,44.76,44.89,1425888
12-Oct-15,46.62,46.77,44.98,45.41,1589671
9-Oct-15,47.92,48.32,46.40,46.62,2107359
8-Oct-15,45.71,48.29,45.45,48.02,2421829
7-Oct-15,45.01,47.29,44.75,45.76,2649694
6-Oct-15,44.10,44.69,43.83,44.58,2057789
5-Oct-15,41.91,44.66,41.76,44.08,2310830
2-Oct-15,39.97,41.52,39.72,41.52,1083115
1-Oct-15,41.17,41.67,40.20,40.42,1681946
30-Sep-15,40.50,41.20,40.23,41.14,1502637
29-Sep-15,39.88,40.28,39.75,40.19,1237189
28-Sep-15,40.30,40.30,39.49,39.85,2844999
25-Sep-15,40.60,40.79,40.14,40.78,1224392
24-Sep-15,40.09,40.57,39.46,40.35,1466941
23-Sep-15,41.23,41.58,40.70,40.82,2112525
22-Sep-15,40.80,41.50,40.48,41.41,1964673
21-Sep-15,41.85,41.99,41.15,41.37,1583455
18-Sep-15,42.32,42.59,41.60,41.81,1967291
17-Sep-15,44.36,44.36,43.06,43.15,1050763
16-Sep-15,43.47,44.52,43.40,44.37,965640
15-Sep-15,42.34,43.36,42.27,43.26,838623
14-Sep-15,42.54,42.58,42.08,42.21,783945
11-Sep-15,42.66,42.91,42.37,42.70,735318
10-Sep-15,42.76,43.16,42.31,42.76,1009424
9-Sep-15,43.81,44.11,42.83,42.89,740072
8-Sep-15,43.28,43.62,43.02,43.49,1362346
4-Sep-15,42.52,42.96,42.18,42.51,968202
3-Sep-15,42.90,43.75,42.67,43.36,1048107
2-Sep-15,43.23,43.38,42.25,43.16,1567794
1-Sep-15,45.60,45.60,42.58,42.75,1809943
31-Aug-15,44.76,45.53,44.13,45.13,1380905
28-Aug-15,44.07,45.03,44.07,44.94,1459448
27-Aug-15,43.65,44.90,43.50,44.25,2106975
26-Aug-15,43.98,43.98,42.26,43.12,1986925
25-Aug-15,44.76,45.41,42.59,42.61,2285508
24-Aug-15,44.07,44.96,40.87,43.53,2663955
21-Aug-15,45.61,46.09,44.94,44.96,1818765
20-Aug-15,46.55,47.01,45.86,45.86,1090739
19-Aug-15,47.00,47.35,46.27,46.84,1488074
18-Aug-15,47.52,47.57,46.98,47.25,875037
17-Aug-15,47.52,47.96,46.81,47.64,1165622
14-Aug-15,47.50,47.96,47.37,47.72,725196
13-Aug-15,47.96,48.22,47.35,47.46,1217260
12-Aug-15,47.18,48.24,46.91,48.22,1154892
11-Aug-15,47.93,48.29,47.11,47.48,1146929
10-Aug-15,47.30,48.86,47.26,48.69,1385698
7-Aug-15,46.71,47.41,46.64,46.94,1391544
6-Aug-15,46.33,46.98,46.13,46.77,1039307
5-Aug-15,46.37,46.99,46.12,46.54,1270030
4-Aug-15,45.73,46.34,45.72,45.93,1336458
3-Aug-15,46.86,46.91,45.49,45.60,1280538
31-Jul-15,47.53,49.65,46.93,46.99,2324229
30-Jul-15,46.60,47.09,46.36,47.05,1563613
29-Jul-15,46.02,47.12,45.76,46.92,2142717
28-Jul-15,46.18,46.57,45.90,45.99,1884499
27-Jul-15,46.16,46.23,45.68,46.09,2000981
24-Jul-15,47.49,47.53,46.73,46.95,1368513
23-Jul-15,47.96,48.04,47.39,47.54,1238863
22-Jul-15,48.02,48.44,47.89,47.95,930279
21-Jul-15,49.20,49.30,48.08,48.21,1104546
20-Jul-15,49.16,49.78,49.13,49.46,1011746
17-Jul-15,49.64,50.12,48.90,49.22,746594
16-Jul-15,49.96,50.45,49.63,49.87,1085810
15-Jul-15,50.23,50.51,49.17,49.45,1346035
14-Jul-15,50.04,50.55,49.97,50.43,705571
13-Jul-15,49.61,50.21,49.18,50.15,1119668
10-Jul-15,50.78,50.92,49.24,49.25,1721394
9-Jul-15,50.82,51.30,50.27,50.32,1249300
8-Jul-15,50.74,50.85,49.60,50.12,2408695
7-Jul-15,51.30,51.48,50.50,51.19,1741798
6-Jul-15,51.70,52.36,51.21,51.32,945224
2-Jul-15,52.31,52.83,52.15,52.43,790621
1-Jul-15,53.01,53.01,51.91,52.07,1403009
30-Jun-15,52.50,53.39,51.78,52.66,2643212
29-Jun-15,51.88,51.96,51.14,51.19,1020473
26-Jun-15,52.48,52.88,52.31,52.38,2536662
25-Jun-15,53.60,53.80,52.48,52.64,1044392
24-Jun-15,53.76,54.29,53.49,53.68,1172154
23-Jun-15,54.00,54.38,53.90,54.10,708512
22-Jun-15,54.01,54.64,53.91,54.13,1010317
19-Jun-15,53.55,53.85,53.35,53.52,3081838
18-Jun-15,53.50,53.86,53.29,53.68,1360594
17-Jun-15,53.44,53.66,53.00,53.30,1120687
16-Jun-15,53.14,53.48,53.00,53.37,898371
15-Jun-15,53.65,53.66,52.94,53.30,1961732
12-Jun-15,54.27,54.63,54.08,54.26,710722
11-Jun-15,54.47,54.60,54.00,54.44,618356
10-Jun-15,54.44,54.74,54.11,54.43,788973
9-Jun-15,54.12,54.86,53.82,53.95,1167996
8-Jun-15,54.13,54.34,53.90,53.95,908853
5-Jun-15,54.39,54.67,53.99,54.35,855555
4-Jun-15,55.10,55.18,54.40,54.54,811141
3-Jun-15,55.60,56.22,55.52,55.60,619493
2-Jun-15,54.75,55.91,54.75,55.42,621449
1-Jun-15,55.05,55.25,54.57,54.85,987871
29-May-15,55.50,55.86,54.98,55.00,934678
28-May-15,55.37,55.57,54.84,55.50,982909
27-May-15,55.44,55.91,54.96,55.65,878853
26-May-15,56.52,56.58,55.38,55.53,1141410
22-May-15,57.45,57.63,57.06,57.12,531906
21-May-15,57.08,58.01,57.08,57.64,864564
20-May-15,56.52,57.15,56.52,56.90,567311
19-May-15,57.37,57.54,56.24,56.48,1231270
18-May-15,57.00,57.67,57.00,57.56,1462602
15-May-15,57.08,57.36,56.86,57.10,1370846
14-May-15,56.70,57.23,56.50,57.09,1495985
13-May-15,55.70,56.61,55.38,56.46,2228756
12-May-15,55.32,55.81,54.93,55.41,1283188
11-May-15,55.75,56.17,55.40,55.45,1164639
8-May-15,56.31,56.58,55.52,55.70,1756241
7-May-15,56.30,56.58,55.50,55.64,1640131
6-May-15,56.39,57.03,56.08,56.70,1688467
5-May-15,56.06,56.80,55.68,55.98,1464517
4-May-15,56.60,56.78,55.99,56.03,2100891
1-May-15,57.38,58.37,55.25,56.65,5004611
30-Apr-15,58.74,59.00,58.12,58.53,1667174
29-Apr-15,57.54,59.49,57.54,58.87,1847361
28-Apr-15,57.47,58.19,56.86,57.94,1537317
27-Apr-15,56.87,58.27,56.87,57.88,1605134
24-Apr-15,57.38,57.52,56.29,56.64,1225921
23-Apr-15,57.22,57.76,56.55,57.37,1140801
22-Apr-15,56.97,57.23,56.34,57.15,915095
21-Apr-15,57.37,57.69,56.34,56.95,1126348
20-Apr-15,57.46,58.18,57.46,57.78,927954
17-Apr-15,57.75,58.01,56.94,57.24,1428458
16-Apr-15,58.64,59.26,58.07,58.67,1671502
15-Apr-15,56.18,59.98,56.18,58.88,3597531
14-Apr-15,55.57,56.28,55.39,55.99,1112211
13-Apr-15,55.68,56.28,55.56,55.65,898301
10-Apr-15,56.43,56.44,55.48,55.78,1407574
9-Apr-15,56.50,56.79,55.98,56.36,934312
8-Apr-15,56.70,56.73,55.70,56.48,1599399
7-Apr-15,57.95,58.03,56.74,57.22,1667909
6-Apr-15,56.26,59.05,56.25,58.13,1824026
2-Apr-15,56.55,57.40,56.42,56.58,959608
1-Apr-15,56.05,56.93,56.01,56.67,845429
31-Mar-15,57.06,57.20,56.28,56.49,952572
30-Mar-15,57.28,57.84,57.07,57.44,1098495
27-Mar-15,56.74,57.16,56.26,57.01,1042446
26-Mar-15,57.00,57.20,56.14,56.75,1789685
25-Mar-15,57.53,57.83,57.23,57.28,1227493
24-Mar-15,57.42,57.61,57.21,57.36,1272354
23-Mar-15,57.65,58.04,57.34,57.37,1107473
20-Mar-15,57.58,58.02,57.31,57.60,1196517
19-Mar-15,57.83,57.83,57.08,57.28,881896
18-Mar-15,56.47,58.65,56.39,58.38,1471401
17-Mar-15,56.48,57.04,56.40,56.83,1001147
16-Mar-15,56.57,57.08,56.27,56.96,1258925
13-Mar-15,57.70,57.72,55.30,56.38,2879783
12-Mar-15,57.79,58.26,57.70,58.09,714595
11-Mar-15,58.01,58.09,57.44,57.65,956589
10-Mar-15,58.55,58.80,57.93,58.05,2062393
9-Mar-15,58.93,59.29,58.80,59.03,2051256
6-Mar-15,58.95,59.61,58.66,58.98,2559949
5-Mar-15,60.22,60.22,58.38,59.02,2743981
4-Mar-15,61.43,61.51,60.34,60.65,1447946
3-Mar-15,61.84,62.18,61.52,61.77,952242
2-Mar-15,62.02,62.26,61.12,62.10,1195964
27-Feb-15,62.60,62.97,62.06,62.13,1072817
26-Feb-15,62.66,62.84,62.00,62.60,1188940
25-Feb-15,62.84,63.00,62.56,62.86,1258039
24-Feb-15,62.16,62.79,61.86,62.57,1038064
23-Feb-15,62.19,62.68,61.86,62.23,1426682
20-Feb-15,62.44,62.95,61.79,62.55,2020522
19-Feb-15,60.85,62.98,60.51,62.57,2199725
18-Feb-15,60.85,64.41,60.63,61.50,5126852
17-Feb-15,59.10,59.96,58.49,59.58,1377817
13-Feb-15,58.68,59.89,58.68,59.31,1622687
12-Feb-15,57.46,58.35,57.29,58.31,908925
11-Feb-15,56.93,57.25,56.55,57.10,979597
10-Feb-15,57.88,58.00,56.44,57.19,1193263
9-Feb-15,57.00,58.26,57.00,57.73,953891
6-Feb-15,58.27,58.73,56.74,57.21,2024471
5-Feb-15,57.53,58.29,57.07,58.08,928484
4-Feb-15,58.42,58.42,56.66,56.95,1293972
3-Feb-15,57.92,59.22,57.85,58.92,2264725
2-Feb-15,55.13,57.66,55.01,57.46,2398799
30-Jan-15,54.06,54.77,53.50,54.49,2529812
29-Jan-15,53.12,54.64,52.75,54.57,1811875
28-Jan-15,54.88,54.99,53.18,53.29,1937656
27-Jan-15,54.82,55.04,54.10,54.55,2128975
26-Jan-15,55.51,56.18,55.43,55.78,1549396
23-Jan-15,55.96,56.13,54.79,55.42,1731949
22-Jan-15,57.59,57.75,55.75,56.43,2253394
21-Jan-15,56.02,58.07,56.01,57.96,1598946
20-Jan-15,56.16,56.39,55.45,56.18,1079880
16-Jan-15,55.08,55.72,54.74,55.68,2384081
15-Jan-15,56.39,56.68,55.49,55.56,1370577
14-Jan-15,55.62,56.29,55.12,55.91,3495105
13-Jan-15,56.65,57.13,55.74,56.51,1817989
12-Jan-15,56.84,57.02,55.97,56.10,1920378
9-Jan-15,57.62,57.71,56.91,57.09,1100136
8-Jan-15,56.96,57.52,56.41,57.40,2301947
7-Jan-15,57.58,57.58,56.31,56.72,1533883
6-Jan-15,57.78,57.98,56.16,56.89,3802077
5-Jan-15,58.79,58.93,57.31,57.64,4753612
2-Jan-15,60.24,60.36,59.03,59.65,1170773
31-Dec-14,60.42,60.59,59.82,59.83,1369322
30-Dec-14,60.13,60.52,60.05,60.32,1118942
29-Dec-14,60.20,60.93,60.12,60.37,668949
26-Dec-14,60.11,60.64,60.05,60.31,626868
24-Dec-14,60.09,60.47,59.78,60.00,396667
23-Dec-14,58.86,60.31,58.80,60.21,1189665
22-Dec-14,59.02,59.16,58.54,59.06,1554380
19-Dec-14,57.67,58.99,57.49,58.89,3206619
18-Dec-14,57.29,57.94,56.61,57.87,2351903
17-Dec-14,54.90,56.40,53.93,56.30,2838708
16-Dec-14,54.43,56.70,54.38,54.90,2334343
15-Dec-14,55.32,55.62,54.69,54.80,1599100
12-Dec-14,56.57,56.57,54.82,54.87,2208391
11-Dec-14,58.09,58.81,57.20,57.32,1481002
10-Dec-14,59.41,59.49,57.34,57.62,1456672
9-Dec-14,59.38,60.07,58.91,60.03,2063716
8-Dec-14,61.55,61.95,59.72,59.94,1452479
5-Dec-14,61.86,62.32,61.69,61.89,1455997
4-Dec-14,62.00,62.46,61.59,62.01,1445153
3-Dec-14,60.21,62.64,60.01,62.26,3104245
2-Dec-14,58.62,60.12,58.49,60.01,4266402
1-Dec-14,59.27,59.33,58.40,58.89,3923052
28-Nov-14,62.74,62.79,58.80,58.87,2639878
26-Nov-14,67.24,67.45,65.03,65.19,1668108
25-Nov-14,67.71,67.87,66.82,67.45,1172815
24-Nov-14,67.84,68.08,67.46,67.97,952843
21-Nov-14,66.88,67.66,66.88,67.34,1111543
20-Nov-14,65.59,66.69,65.45,66.09,790837
19-Nov-14,66.49,66.60,65.51,65.98,770716
18-Nov-14,66.21,67.51,66.06,66.50,981583
17-Nov-14,66.00,66.25,65.58,66.05,1351143
14-Nov-14,65.85,66.70,65.84,66.13,962478
13-Nov-14,67.01,67.44,65.39,65.76,1377646
12-Nov-14,66.53,67.47,66.50,67.23,879182
11-Nov-14,67.96,67.96,66.56,66.84,1271920
10-Nov-14,67.89,68.65,67.65,67.78,754180
7-Nov-14,67.21,68.25,67.00,67.90,1150199
6-Nov-14,67.30,67.55,66.71,67.21,928411
5-Nov-14,66.85,67.40,66.38,67.30,1094341
4-Nov-14,67.38,67.38,66.04,66.30,1080168
3-Nov-14,67.95,68.26,67.19,67.58,1492197
31-Oct-14,67.68,68.08,66.88,67.99,1583172
30-Oct-14,66.04,66.81,65.74,66.70,1124431
29-Oct-14,67.63,68.01,65.86,66.36,1432712
28-Oct-14,65.34,67.46,65.33,67.45,1584120
27-Oct-14,64.94,65.05,62.75,64.74,2490630
24-Oct-14,63.80,65.37,63.25,64.31,2668700
23-Oct-14,65.13,66.92,65.13,66.36,1447584
22-Oct-14,66.25,66.54,64.23,64.27,1175728
21-Oct-14,65.04,66.65,64.93,66.24,1282998
20-Oct-14,64.75,65.28,64.11,64.54,1121725
17-Oct-14,64.23,65.88,64.19,64.96,1637906
16-Oct-14,60.08,63.74,59.78,63.49,2343941
15-Oct-14,61.21,61.80,59.35,61.16,2558923
14-Oct-14,61.64,63.51,61.32,62.29,2139420
13-Oct-14,64.16,64.41,61.33,61.37,2026932
10-Oct-14,64.67,65.06,63.46,64.09,2491942
9-Oct-14,67.24,67.38,64.82,64.98,1835884
8-Oct-14,66.30,67.50,65.59,67.35,1374613
7-Oct-14,67.70,67.83,66.32,66.34,1099295
6-Oct-14,68.88,69.24,67.86,68.18,1319741
3-Oct-14,70.35,70.37,68.60,68.77,1583614
2-Oct-14,70.43,70.72,69.26,69.84,1314280
1-Oct-14,70.24,71.06,69.72,70.52,1488922
30-Sep-14,70.75,71.13,70.25,70.52,751897
29-Sep-14,70.53,70.98,70.23,70.80,815397
26-Sep-14,71.17,71.55,70.52,71.45,601934
25-Sep-14,72.01,72.24,70.78,70.89,1147827
24-Sep-14,72.28,72.51,71.61,72.28,715864
23-Sep-14,72.73,73.19,72.32,72.48,765179
22-Sep-14,73.21,73.21,72.16,72.95,843946
19-Sep-14,74.29,74.37,73.21,73.58,865022
18-Sep-14,73.69,73.94,73.40,73.81,673955
17-Sep-14,74.31,74.55,73.07,73.59,711051
16-Sep-14,73.56,74.27,73.11,74.13,679291
15-Sep-14,74.13,74.48,73.38,73.62,725807
12-Sep-14,75.26,75.26,74.19,74.26,857073
11-Sep-14,74.62,75.30,74.44,75.23,620292
10-Sep-14,74.98,75.17,74.24,74.88,850472
9-Sep-14,76.00,76.02,74.96,75.02,651205
8-Sep-14,76.36,76.67,75.97,76.17,448692
5-Sep-14,76.09,76.69,75.63,76.63,741812
4-Sep-14,76.64,77.55,76.26,76.31,680442
3-Sep-14,77.70,77.77,76.52,76.70,552787
2-Sep-14,76.47,77.49,76.01,77.04,867245
29-Aug-14,76.11,76.34,75.39,75.89,346162
28-Aug-14,75.62,76.22,75.25,75.99,364390
27-Aug-14,76.20,76.52,75.67,75.87,315765
26-Aug-14,76.23,76.38,75.86,76.25,454827
25-Aug-14,76.13,76.50,75.69,76.05,573682
22-Aug-14,75.98,76.24,75.56,75.64,520123
21-Aug-14,76.39,76.53,75.67,76.21,358258
20-Aug-14,75.41,76.54,75.17,76.28,578105
19-Aug-14,75.17,75.64,74.94,75.43,465667
18-Aug-14,73.87,75.13,73.76,75.00,642466
15-Aug-14,73.86,74.10,72.66,73.17,561081
14-Aug-14,73.72,73.85,73.41,73.77,378698
13-Aug-14,72.96,73.64,72.53,73.55,471036
12-Aug-14,72.89,73.57,72.06,72.55,573755
11-Aug-14,73.18,73.86,72.97,73.20,440757
8-Aug-14,71.96,73.04,71.55,72.96,439433
7-Aug-14,72.42,72.65,71.69,71.82,621724
6-Aug-14,71.71,72.03,71.26,71.81,637736
5-Aug-14,72.43,73.58,72.11,72.35,724633
4-Aug-14,73.01,73.28,72.19,72.88,907340
1-Aug-14,73.74,73.74,72.06,72.96,1052661
31-Jul-14,74.95,75.42,73.87,74.04,869150
30-Jul-14,75.98,76.16,75.28,75.75,749176
29-Jul-14,76.89,77.42,75.83,75.85,795008
28-Jul-14,77.79,77.98,76.63,77.13,1064719
25-Jul-14,76.59,78.48,76.58,77.88,2182931
24-Jul-14,74.50,76.96,74.20,76.43,2040644
23-Jul-14,72.93,73.32,72.00,72.20,1073892
22-Jul-14,72.99,73.32,72.42,72.95,825687
21-Jul-14,72.36,72.95,71.42,72.45,1060732
18-Jul-14,71.94,72.78,71.91,72.61,461176
17-Jul-14,72.82,72.87,71.56,71.66,1001850
16-Jul-14,73.05,73.20,72.38,73.10,792445
15-Jul-14,73.51,74.00,72.39,72.59,967446
14-Jul-14,73.58,74.05,73.45,73.63,514168
11-Jul-14,73.12,73.36,72.54,72.91,742709
10-Jul-14,72.82,73.63,72.55,73.11,753215
9-Jul-14,73.93,74.44,73.78,73.92,808194
8-Jul-14,73.88,73.98,73.14,73.84,775822
7-Jul-14,75.39,75.39,73.79,73.99,1024034
3-Jul-14,74.99,75.86,74.96,75.52,573739
2-Jul-14,74.35,74.93,74.10,74.89,862263
1-Jul-14,74.60,74.92,74.40,74.60,690555
30-Jun-14,73.87,74.59,73.71,74.35,1026007
27-Jun-14,73.89,74.25,72.10,73.79,2405263
26-Jun-14,76.16,76.16,75.06,75.65,623032
25-Jun-14,76.05,76.57,75.84,76.05,723401
24-Jun-14,77.36,77.76,76.18,76.39,556573
23-Jun-14,78.39,78.75,77.66,77.81,430439
20-Jun-14,77.91,78.97,77.87,78.51,942619
19-Jun-14,76.84,77.76,76.40,77.68,963293
18-Jun-14,77.14,77.56,76.18,76.86,1099422
17-Jun-14,76.91,77.67,76.52,77.67,757241
16-Jun-14,77.25,77.43,76.61,77.07,643360
13-Jun-14,76.75,77.38,76.47,77.27,592956
12-Jun-14,77.30,77.63,76.43,76.64,737075
11-Jun-14,77.08,77.52,76.57,77.40,789914
10-Jun-14,77.44,77.84,77.17,77.47,812199
9-Jun-14,76.53,77.90,76.31,77.80,914081
6-Jun-14,75.19,76.69,74.79,76.51,711076
5-Jun-14,74.24,75.20,73.85,74.89,822305
4-Jun-14,73.76,74.79,73.76,74.24,674503
3-Jun-14,73.70,73.87,73.20,73.76,650913
2-Jun-14,73.98,74.43,72.83,73.98,820652
30-May-14,73.85,74.01,73.21,73.74,688847
29-May-14,74.50,74.60,73.52,74.22,498785
28-May-14,74.56,74.81,74.08,74.23,718039
27-May-14,74.84,75.05,74.49,74.79,516247
23-May-14,73.99,74.75,73.73,74.50,530132
22-May-14,73.74,74.43,73.61,73.87,638310
21-May-14,73.78,74.16,73.41,73.87,462131
20-May-14,74.82,74.82,73.10,73.47,407433
19-May-14,73.81,75.13,73.81,74.90,532513
16-May-14,74.26,74.26,73.22,74.15,514209
15-May-14,75.02,75.16,73.25,74.20,633197
14-May-14,76.29,76.31,75.18,75.23,595494
13-May-14,77.20,77.41,76.27,76.35,722074
12-May-14,75.56,77.02,75.56,76.96,821603
9-May-14,74.90,75.04,73.88,74.88,461590
8-May-14,75.28,76.25,74.78,75.02,466618
7-May-14,74.54,75.54,74.07,75.45,821882
6-May-14,74.41,74.67,74.04,74.36,1073577
5-May-14,73.89,74.92,73.65,74.78,749909
2-May-14,73.41,74.88,73.40,74.51,1387693
1-May-14,73.02,73.93,72.59,73.54,810211
30-Apr-14,72.13,73.25,71.76,73.05,1042122
29-Apr-14,72.51,72.85,71.47,72.03,1182100
28-Apr-14,73.11,73.68,71.18,72.19,1463737
25-Apr-14,73.36,74.89,72.77,72.87,1642334
24-Apr-14,77.49,77.49,73.01,73.96,4158497
23-Apr-14,78.76,79.18,78.13,78.13,1268838
22-Apr-14,79.34,79.70,78.64,78.71,1220806
21-Apr-14,78.82,79.49,78.20,79.46,798088
17-Apr-14,78.60,79.49,78.21,79.04,888262
16-Apr-14,77.02,78.44,76.88,78.37,879052
15-Apr-14,75.39,76.36,74.65,76.23,914249
14-Apr-14,75.85,76.33,74.72,75.33,714995
11-Apr-14,75.50,76.19,74.94,75.15,793249
10-Apr-14,77.82,78.10,75.92,76.13,712600
9-Apr-14,77.01,77.92,76.46,77.85,879417
8-Apr-14,76.10,77.32,75.73,76.65,996641
7-Apr-14,77.66,77.69,75.97,76.34,1072248
4-Apr-14,79.00,79.78,77.35,77.83,776218
3-Apr-14,79.53,79.90,78.14,78.63,938627
2-Apr-14,78.83,79.98,78.56,79.49,791230
1-Apr-14,78.50,79.23,78.28,78.84,1107167
31-Mar-14,77.54,78.38,76.63,78.34,1161638
28-Mar-14,75.53,76.58,75.01,76.13,613831
27-Mar-14,75.14,75.57,74.35,75.13,1222332
26-Mar-14,76.52,76.77,75.38,75.39,984122
25-Mar-14,77.29,77.56,76.04,76.38,1061439
24-Mar-14,77.09,77.28,75.97,76.55,1101592
21-Mar-14,77.31,78.33,75.94,77.04,1604563
20-Mar-14,76.27,76.83,75.80,76.55,874335
19-Mar-14,77.18,77.36,75.75,76.40,572027
18-Mar-14,76.62,77.60,76.53,77.17,808970
17-Mar-14,76.71,77.23,76.45,76.52,1276626
14-Mar-14,75.63,76.59,75.55,76.01,1113625
13-Mar-14,78.41,78.77,75.39,75.74,1394385
12-Mar-14,78.52,78.69,77.54,78.18,976392
11-Mar-14,79.66,80.00,78.77,78.94,636153
10-Mar-14,80.47,80.76,79.44,79.56,737609
7-Mar-14,81.15,81.33,80.64,80.81,677586
6-Mar-14,80.70,81.08,80.37,80.52,1213396
5-Mar-14,81.27,81.52,80.30,80.73,1007879
4-Mar-14,80.52,81.34,79.94,81.26,1197473
3-Mar-14,80.38,80.53,78.74,79.40,1218473
28-Feb-14,80.73,81.71,80.37,81.21,2058735
27-Feb-14,80.59,81.35,80.34,80.60,1536776
26-Feb-14,81.10,81.93,80.38,80.57,2049257
25-Feb-14,81.49,82.03,80.86,81.09,1762055
24-Feb-14,81.00,82.24,80.94,81.50,1484870
21-Feb-14,81.43,81.86,80.91,80.98,1185337
20-Feb-14,80.34,81.60,80.04,81.55,1714412
19-Feb-14,76.67,82.02,76.67,80.60,3280200
18-Feb-14,76.65,76.87,75.57,76.28,1329608
14-Feb-14,76.75,76.97,75.88,76.44,1453623
13-Feb-14,74.68,76.98,74.56,76.49,1146322
12-Feb-14,73.99,75.43,73.99,75.42,1521698
11-Feb-14,72.92,74.31,72.76,73.99,1572657
10-Feb-14,73.41,73.41,72.24,72.85,1032015
7-Feb-14,72.48,73.62,72.27,73.56,1021211
6-Feb-14,70.93,72.36,70.71,72.00,661849
5-Feb-14,70.68,71.42,69.59,70.87,1475143
4-Feb-14,69.80,71.32,69.56,71.05,1209038
3-Feb-14,72.07,72.59,69.35,69.71,2202103
31-Jan-14,71.47,72.92,71.28,72.33,759377
30-Jan-14,72.87,72.89,72.13,72.54,1305885
29-Jan-14,72.53,73.36,71.30,72.38,2142218
28-Jan-14,72.46,74.25,72.46,74.02,962270
27-Jan-14,73.00,73.34,71.84,72.18,1153101
24-Jan-14,75.31,75.44,72.63,72.99,2536296
23-Jan-14,77.38,77.71,75.71,76.16,1440265
22-Jan-14,77.02,77.72,76.47,77.61,838686
21-Jan-14,77.61,77.88,76.21,76.70,821631
17-Jan-14,77.37,77.57,76.96,77.12,1018486
16-Jan-14,77.41,77.74,77.04,77.07,872732
15-Jan-14,77.17,78.10,76.91,77.59,844018
14-Jan-14,76.61,77.20,75.91,77.17,1567386
13-Jan-14,76.91,77.19,75.20,75.40,1044182
10-Jan-14,77.33,77.66,76.47,77.00,1000072
9-Jan-14,77.34,78.14,76.86,76.99,990225
8-Jan-14,78.20,78.20,76.89,77.18,1478711
7-Jan-14,77.35,77.68,76.72,77.24,1480266
6-Jan-14,78.21,78.49,76.98,77.24,971502
3-Jan-14,77.50,78.26,77.32,77.86,896180
2-Jan-14,78.17,78.46,76.99,77.30,1400867
31-Dec-13,78.00,78.89,78.00,78.83,1367192
30-Dec-13,76.98,77.81,76.94,77.70,1071175
27-Dec-13,76.92,77.06,76.44,76.90,643788
26-Dec-13,76.57,77.08,76.10,76.95,706421
24-Dec-13,76.00,76.58,76.00,76.53,411476
23-Dec-13,76.03,76.79,75.78,76.10,1064371
20-Dec-13,75.39,76.41,75.13,75.73,1728702
19-Dec-13,74.77,75.31,74.16,75.22,1260032
18-Dec-13,73.12,74.82,72.73,74.80,1081412
17-Dec-13,73.88,73.95,72.85,73.16,809241
16-Dec-13,72.80,73.89,72.73,73.66,1110806
13-Dec-13,72.21,72.56,71.67,72.36,1067189
12-Dec-13,72.06,72.57,71.97,72.09,1485871
11-Dec-13,72.08,72.91,71.81,72.20,2993231
10-Dec-13,71.72,72.21,71.58,72.08,1212540
9-Dec-13,71.27,72.03,71.06,71.82,1301809
6-Dec-13,70.54,70.95,70.04,70.94,867779
5-Dec-13,69.45,69.96,69.12,69.61,971613
4-Dec-13,69.95,70.47,68.79,69.43,1745997
3-Dec-13,70.57,70.94,70.08,70.62,975116
2-Dec-13,71.53,72.17,70.54,70.67,997275
29-Nov-13,71.34,72.11,71.28,71.38,568461
27-Nov-13,71.71,71.91,70.87,71.27,664052
26-Nov-13,71.81,71.93,71.10,71.73,1063847
25-Nov-13,72.15,73.04,71.26,71.84,1034417
22-Nov-13,70.63,71.06,70.19,71.00,809072
21-Nov-13,69.96,70.90,69.67,70.73,899255
20-Nov-13,70.12,70.88,69.37,69.66,945089
19-Nov-13,70.69,70.85,69.50,69.68,916164
18-Nov-13,71.75,71.94,70.24,70.60,683783
15-Nov-13,71.27,71.50,70.69,71.26,685170
14-Nov-13,71.13,71.56,70.63,71.30,729165
13-Nov-13,69.80,71.07,69.67,71.06,1334796
12-Nov-13,70.40,70.71,70.01,70.19,866831
11-Nov-13,69.67,70.45,69.40,70.41,826527
8-Nov-13,68.69,69.59,68.40,69.58,1282452
7-Nov-13,70.14,70.73,68.25,68.45,884289
6-Nov-13,70.55,70.91,69.62,69.97,693913
5-Nov-13,70.25,70.78,69.43,70.30,1246261
4-Nov-13,70.02,70.49,69.79,70.46,878110
1-Nov-13,69.73,69.89,68.58,69.65,958828
31-Oct-13,69.68,69.95,69.02,69.47,993241
30-Oct-13,70.77,70.92,69.46,69.65,877365
29-Oct-13,69.92,70.87,69.75,70.73,1291555
28-Oct-13,71.34,71.45,69.26,69.78,2268924
25-Oct-13,66.59,71.49,65.82,71.22,4119593
24-Oct-13,63.70,64.10,63.24,63.49,1966306
23-Oct-13,63.90,64.09,63.21,63.72,1217705
22-Oct-13,64.47,64.88,63.98,64.26,865074
21-Oct-13,64.40,64.63,63.68,64.11,984317
18-Oct-13,64.06,64.33,63.59,64.28,774927
17-Oct-13,62.61,63.52,62.42,63.50,925598
16-Oct-13,63.28,63.28,62.16,62.74,1205460
15-Oct-13,63.28,63.28,62.09,62.41,841138
14-Oct-13,62.47,63.44,62.34,63.41,913146
11-Oct-13,61.83,62.88,61.77,62.87,1152961
10-Oct-13,61.04,62.06,61.01,62.04,932082
9-Oct-13,60.40,60.71,59.86,60.36,1145689
8-Oct-13,61.01,61.42,60.12,60.29,981345
7-Oct-13,61.09,61.32,60.84,60.97,834567
4-Oct-13,61.42,61.92,61.18,61.71,756507
3-Oct-13,61.62,62.01,60.79,61.45,980553
2-Oct-13,62.13,62.20,61.32,61.84,1150669
1-Oct-13,62.25,63.01,62.25,62.45,904414
30-Sep-13,61.39,62.44,61.27,62.39,1227355
27-Sep-13,62.17,62.45,61.84,62.16,620511
26-Sep-13,62.16,62.64,62.14,62.56,575056
25-Sep-13,62.73,62.93,62.07,62.11,1051834
24-Sep-13,62.59,63.17,62.36,62.79,1029261
23-Sep-13,62.80,63.03,61.86,62.54,920089
20-Sep-13,63.64,63.70,62.74,63.07,1773058
19-Sep-13,62.94,63.50,62.84,63.28,1203786
18-Sep-13,61.52,62.75,60.98,62.59,959597
17-Sep-13,61.45,61.75,61.32,61.55,688045
16-Sep-13,61.84,62.20,61.28,61.45,1087617
13-Sep-13,61.61,61.61,60.94,61.00,906124
12-Sep-13,61.12,61.71,60.85,61.45,1102789
11-Sep-13,61.20,61.54,60.78,60.97,1060550
10-Sep-13,60.05,61.30,59.88,61.23,1419862
9-Sep-13,59.28,59.82,59.28,59.67,892142
6-Sep-13,58.41,59.86,57.90,59.07,1787868
5-Sep-13,57.86,58.82,57.78,58.23,1457250
4-Sep-13,56.46,57.97,56.40,57.90,1258417
3-Sep-13,56.62,56.97,55.98,56.48,1145154
30-Aug-13,56.59,56.65,55.64,55.79,846839
29-Aug-13,56.19,56.90,56.19,56.52,421871
28-Aug-13,55.93,56.56,55.66,56.40,716062
27-Aug-13,56.56,56.86,55.80,56.03,889622
26-Aug-13,57.39,57.60,57.00,57.18,490203
23-Aug-13,57.54,57.59,57.12,57.33,610146
22-Aug-13,56.37,57.56,56.32,57.45,610160
21-Aug-13,56.46,56.70,56.04,56.24,595394
20-Aug-13,56.02,56.71,55.85,56.65,785274
19-Aug-13,56.34,56.70,55.93,56.03,722455
16-Aug-13,56.19,56.78,56.11,56.60,946993
15-Aug-13,56.52,56.72,56.21,56.31,1531619
14-Aug-13,57.37,57.47,56.95,57.16,1080236
13-Aug-13,57.00,57.55,56.58,57.44,1021930
12-Aug-13,56.54,57.02,56.47,57.00,922405
9-Aug-13,56.22,56.81,55.99,56.75,989655
8-Aug-13,56.18,56.37,55.69,56.29,1108744
7-Aug-13,56.31,56.44,55.79,55.98,1268447
6-Aug-13,57.01,57.01,56.08,56.47,1218039
5-Aug-13,57.12,57.29,56.64,56.90,683879
2-Aug-13,57.95,58.00,56.98,57.26,1360370
1-Aug-13,57.33,58.25,57.04,58.09,1004664
31-Jul-13,56.84,57.20,56.60,56.68,1052438
30-Jul-13,56.60,56.94,56.28,56.74,667903
29-Jul-13,56.53,56.83,56.17,56.36,903230
26-Jul-13,56.93,57.11,56.48,56.82,1247437
25-Jul-13,56.16,57.53,55.95,57.38,2729523
24-Jul-13,56.95,57.16,55.77,56.05,1650626
23-Jul-13,57.46,57.47,56.73,56.95,2263808
22-Jul-13,57.35,57.94,57.16,57.35,1852503
19-Jul-13,56.81,57.37,56.54,57.35,1912588
18-Jul-13,56.00,56.96,55.81,56.74,1573593
17-Jul-13,55.46,55.83,55.13,55.81,1588081
16-Jul-13,55.40,55.45,54.59,55.18,1235151
15-Jul-13,55.54,55.74,55.04,55.29,962094
12-Jul-13,55.94,56.08,55.22,55.51,1454436
11-Jul-13,56.48,56.48,55.31,55.94,1051280
10-Jul-13,55.68,55.85,55.21,55.57,782069
9-Jul-13,55.58,56.07,55.47,55.75,992645
8-Jul-13,55.59,55.79,54.94,55.03,1069209
5-Jul-13,54.86,55.41,54.36,55.36,875005
3-Jul-13,54.14,54.55,53.96,54.20,650688
2-Jul-13,54.57,54.73,54.10,54.33,1009190
1-Jul-13,54.35,55.12,54.15,54.60,671793
28-Jun-13,54.25,54.51,53.80,54.01,1072003
27-Jun-13,54.24,54.75,54.18,54.52,815799
26-Jun-13,53.59,54.17,53.49,53.95,1412907
25-Jun-13,53.30,53.30,52.45,52.80,1611054
24-Jun-13,52.70,52.90,50.90,52.05,1532015
21-Jun-13,53.88,53.99,52.40,53.10,2274387
20-Jun-13,54.00,54.27,53.26,53.40,970638
19-Jun-13,55.37,55.56,54.67,54.67,584559
18-Jun-13,55.03,55.50,54.80,55.32,552366
17-Jun-13,55.47,55.84,54.45,54.91,1174296
14-Jun-13,55.26,55.62,54.71,55.22,755007
13-Jun-13,54.68,55.51,54.28,55.32,714324
12-Jun-13,55.64,55.74,54.55,54.65,512823
11-Jun-13,55.00,55.69,54.47,55.01,912240
10-Jun-13,56.21,56.46,55.79,56.14,548670
7-Jun-13,55.39,56.31,55.32,56.02,959484
6-Jun-13,54.29,55.00,53.95,55.00,640026
5-Jun-13,55.57,55.63,54.09,54.17,1150254
4-Jun-13,55.64,56.56,55.28,55.61,811200
3-Jun-13,56.20,56.33,54.65,55.66,1216083
31-May-13,56.09,57.03,55.99,56.04,1220673
30-May-13,56.06,56.67,55.70,56.40,561516
29-May-13,55.75,56.35,55.72,55.89,745389
28-May-13,56.27,57.17,55.93,56.41,744840
24-May-13,55.67,55.79,54.92,55.61,621306
23-May-13,55.56,56.32,55.41,55.98,615066
22-May-13,57.28,57.51,55.80,56.19,1392987
21-May-13,57.04,57.76,56.99,57.30,1124274
20-May-13,56.51,57.55,56.41,57.04,814155
17-May-13,55.49,56.69,55.44,56.63,785859
16-May-13,55.33,56.50,55.08,55.52,1164024
15-May-13,55.00,55.43,54.42,55.42,864771
14-May-13,54.02,55.17,54.02,54.95,991350
13-May-13,53.96,54.10,53.58,54.04,559554
10-May-13,53.84,54.24,53.35,54.08,827292
9-May-13,54.24,54.55,53.61,53.73,975966
8-May-13,53.72,54.33,53.60,54.24,676359
7-May-13,53.10,53.86,52.87,53.82,891903
6-May-13,52.78,53.11,52.67,52.93,820041
3-May-13,51.43,53.73,51.43,52.89,1594356
2-May-13,50.50,51.49,50.00,51.41,1865088
1-May-13,52.31,52.31,50.42,50.44,1851657
30-Apr-13,52.36,52.72,51.70,52.71,2531781
29-Apr-13,52.57,52.86,52.31,52.60,1306311
26-Apr-13,52.51,52.62,52.06,52.58,986106
25-Apr-13,52.33,53.09,51.56,52.52,1964940
24-Apr-13,51.14,52.33,51.14,52.08,1264386
23-Apr-13,51.13,51.41,50.83,51.30,1089969
22-Apr-13,50.99,51.27,50.65,51.03,1077942
19-Apr-13,50.82,51.41,50.67,50.94,1066314
18-Apr-13,51.59,51.84,50.70,50.75,1003089
17-Apr-13,52.55,52.59,51.25,51.55,1207590
16-Apr-13,52.40,53.12,52.34,53.03,845952
15-Apr-13,53.41,53.56,51.70,51.78,1325784
12-Apr-13,54.55,54.71,53.76,53.85,791862
11-Apr-13,54.95,55.12,54.77,54.81,682029
10-Apr-13,54.55,55.08,54.55,54.96,1000776
9-Apr-13,54.00,54.58,53.86,54.46,992325
8-Apr-13,53.37,53.97,53.14,53.83,781575
5-Apr-13,53.33,53.88,52.78,53.37,1373376
4-Apr-13,53.95,54.37,53.74,54.12,1333572
3-Apr-13,54.41,54.41,53.55,53.95,1122147
2-Apr-13,54.90,55.34,54.18,54.35,765255
1-Apr-13,55.74,55.87,54.60,54.90,1037199
28-Mar-13,55.12,56.02,55.01,55.90,1835214
27-Mar-13,54.74,55.18,54.49,55.07,840807
26-Mar-13,54.96,55.19,54.62,55.14,876189
25-Mar-13,55.54,55.54,54.15,54.77,889650
22-Mar-13,55.39,55.46,54.99,55.24,1016340
21-Mar-13,56.19,56.19,54.62,55.23,1761336
20-Mar-13,55.71,56.51,55.67,56.35,1019172
19-Mar-13,56.01,56.23,55.11,55.75,753009
18-Mar-13,55.21,56.15,55.12,55.86,899256
15-Mar-13,55.33,56.13,55.27,55.92,2587737
14-Mar-13,55.05,55.74,55.05,55.63,1204434
13-Mar-13,54.74,55.08,54.49,54.91,610743
12-Mar-13,55.11,55.18,54.44,54.74,969333
11-Mar-13,54.83,55.40,54.70,55.17,987660
8-Mar-13,55.14,55.36,54.52,54.91,1160151
7-Mar-13,54.98,55.24,54.55,54.71,1205517
6-Mar-13,55.44,55.67,54.87,54.91,1193397
5-Mar-13,53.94,55.29,53.94,55.06,1302762
4-Mar-13,53.85,53.98,53.17,53.87,1135347
1-Mar-13,53.08,53.94,52.31,53.85,1169724
28-Feb-13,53.27,53.89,52.98,53.50,1470630
27-Feb-13,51.69,53.16,51.49,52.98,1401978
26-Feb-13,51.67,51.92,50.98,51.72,1722606
25-Feb-13,54.10,54.17,51.40,51.47,1974900
22-Feb-13,52.37,54.20,52.17,53.77,2801535
21-Feb-13,52.50,52.50,51.72,51.95,1416879
20-Feb-13,53.10,53.42,52.42,52.59,1494366
19-Feb-13,53.42,53.48,52.93,53.24,937800
15-Feb-13,53.39,53.47,53.04,53.32,895926
14-Feb-13,53.40,53.53,53.06,53.32,848016
13-Feb-13,53.15,53.64,53.09,53.34,1107213
12-Feb-13,52.63,53.15,52.57,53.03,932232
11-Feb-13,52.54,52.75,51.75,52.55,1060371
8-Feb-13,51.81,52.63,51.81,52.58,1611141
7-Feb-13,52.20,52.36,51.28,51.73,696951
6-Feb-13,51.99,52.41,51.85,52.14,864876
5-Feb-13,51.88,52.54,51.55,52.20,1442211
4-Feb-13,51.70,52.05,51.26,51.52,1283547
1-Feb-13,52.36,52.66,51.60,52.01,1301001
31-Jan-13,52.16,52.51,52.02,52.26,942534
30-Jan-13,52.29,52.88,52.05,52.31,1548978
29-Jan-13,50.90,52.35,50.80,52.32,1789572
28-Jan-13,51.71,51.71,50.84,50.92,1463808
25-Jan-13,51.85,51.85,50.72,51.49,1844079
24-Jan-13,51.41,51.91,50.87,51.50,2145876
23-Jan-13,52.26,52.48,51.53,51.74,1239510
22-Jan-13,52.43,52.49,51.79,52.36,1058508
18-Jan-13,51.97,52.45,51.38,52.44,1083363
17-Jan-13,51.22,51.93,51.20,51.83,1332411
16-Jan-13,51.02,51.03,50.63,50.82,1113069
15-Jan-13,50.93,51.52,50.93,51.18,1283982
14-Jan-13,51.94,52.01,51.28,51.44,828792
11-Jan-13,51.87,51.88,51.52,51.88,681282
10-Jan-13,51.63,51.88,51.25,51.75,861081
9-Jan-13,51.68,51.81,51.19,51.55,1215399
8-Jan-13,51.10,51.72,50.78,51.68,1802511
7-Jan-13,50.96,51.56,50.70,51.25,1176234
4-Jan-13,50.97,51.30,50.82,51.18,1099572
3-Jan-13,50.57,51.15,50.55,50.77,1306149
2-Jan-13,50.03,50.67,49.99,50.67,1792173
31-Dec-12,47.60,48.97,47.57,48.93,1427379
28-Dec-12,47.98,48.24,47.58,47.62,710835
27-Dec-12,47.84,48.43,47.62,48.37,760563
26-Dec-12,48.17,48.33,47.87,47.99,669147
24-Dec-12,48.06,48.39,47.90,48.15,415698
21-Dec-12,48.00,48.35,47.72,48.08,1792737
20-Dec-12,48.35,48.78,48.23,48.76,1091130
19-Dec-12,48.37,48.73,48.06,48.32,1301163
18-Dec-12,46.81,48.51,46.81,48.23,1242600
17-Dec-12,47.53,47.53,46.97,47.30,1818030
14-Dec-12,47.38,47.52,47.11,47.39,1200471
13-Dec-12,47.46,47.63,46.99,47.43,732675
12-Dec-12,47.77,47.88,47.18,47.29,1236849
11-Dec-12,47.78,48.21,47.59,47.64,1122432
10-Dec-12,47.24,47.89,47.21,47.63,1431744
7-Dec-12,47.43,47.61,47.11,47.30,1015992
6-Dec-12,47.03,47.23,46.85,47.13,1019253
5-Dec-12,46.96,47.33,46.44,47.07,1747446
4-Dec-12,46.58,47.10,46.36,46.97,1745883
3-Dec-12,46.54,46.81,46.11,46.20,1300455
30-Nov-12,46.54,46.63,46.05,46.18,1841613
29-Nov-12,46.59,46.90,45.75,46.54,1915158
28-Nov-12,46.04,46.61,45.49,46.44,1359975
27-Nov-12,46.43,46.94,46.12,46.25,1278318
26-Nov-12,46.32,46.92,46.13,46.40,2107464
23-Nov-12,46.36,46.59,46.13,46.48,777183
21-Nov-12,46.42,46.48,45.94,46.05,1118082
20-Nov-12,46.08,46.73,45.86,46.45,3135408
19-Nov-12,45.40,46.08,45.34,46.08,2167767
16-Nov-12,44.04,45.04,43.94,44.92,2270241
15-Nov-12,44.32,44.58,43.87,44.15,1420926
14-Nov-12,45.64,45.67,44.27,44.45,1174164
13-Nov-12,44.91,45.95,44.90,45.52,1323030
12-Nov-12,45.17,45.61,44.86,45.19,905634
9-Nov-12,45.08,45.72,45.03,45.09,1158570
8-Nov-12,45.92,46.15,45.14,45.31,1202655
7-Nov-12,45.64,49.03,45.64,45.87,1705320
6-Nov-12,46.69,47.33,46.50,46.96,1392978
5-Nov-12,45.40,46.72,45.34,46.61,1766997
2-Nov-12,46.00,46.13,45.28,45.63,2148606
1-Nov-12,45.25,45.85,45.17,45.61,2362824
31-Oct-12,43.99,45.97,43.92,45.16,2278803
26-Oct-12,43.69,44.00,43.39,43.64,894219
25-Oct-12,43.74,43.95,43.25,43.71,905361
24-Oct-12,43.52,43.83,43.24,43.42,1234614
23-Oct-12,43.35,43.56,42.85,43.38,1166148
22-Oct-12,44.01,44.28,43.58,44.01,1304349
19-Oct-12,44.63,44.97,44.09,44.28,1738344
18-Oct-12,44.24,45.15,44.16,44.89,1977618
17-Oct-12,43.45,44.46,43.37,44.26,1494921
16-Oct-12,42.94,43.45,42.94,43.32,1582941
15-Oct-12,42.81,43.00,42.63,42.85,1593258
12-Oct-12,43.00,43.48,42.58,42.77,1692171
11-Oct-12,43.31,43.45,42.80,42.91,1166943
10-Oct-12,42.83,43.09,42.43,42.92,1306707
9-Oct-12,43.32,43.61,42.82,42.93,729615
8-Oct-12,43.07,43.65,43.07,43.27,786669
5-Oct-12,43.53,43.83,43.19,43.46,858384
4-Oct-12,43.01,43.36,42.79,43.28,843570
3-Oct-12,42.84,43.03,42.36,42.81,1138989
2-Oct-12,42.78,43.22,42.28,42.68,1562616
1-Oct-12,42.79,43.14,42.44,42.61,1669605
28-Sep-12,42.27,42.73,42.14,42.58,1385553
27-Sep-12,42.54,42.78,42.15,42.52,1284168
26-Sep-12,42.77,43.02,42.22,42.30,1436583
25-Sep-12,43.73,43.90,42.81,42.88,1526187
24-Sep-12,43.37,43.76,42.96,43.64,2110365
21-Sep-12,44.43,44.89,43.97,44.01,1527693
20-Sep-12,43.91,44.23,43.67,44.18,1094478
19-Sep-12,43.96,44.41,43.79,44.25,1223250
18-Sep-12,44.37,44.64,43.88,43.96,1495641
17-Sep-12,44.79,44.79,44.22,44.44,1337586
14-Sep-12,44.17,45.19,44.17,44.94,2151072
13-Sep-12,44.24,44.30,43.54,44.01,2447898
12-Sep-12,44.27,44.31,43.71,44.18,1316058
11-Sep-12,43.53,44.28,43.53,44.05,1427811
10-Sep-12,43.44,44.11,43.11,43.53,1446405
7-Sep-12,43.34,44.17,43.30,43.76,1545750
6-Sep-12,42.83,43.32,42.51,43.14,2198223
5-Sep-12,42.40,42.72,42.07,42.27,980121
4-Sep-12,42.45,42.87,42.08,42.47,1367073
31-Aug-12,42.35,42.78,42.29,42.55,1554633
30-Aug-12,42.21,42.51,41.99,42.00,1065354
29-Aug-12,42.55,42.78,42.21,42.58,1264884
28-Aug-12,42.73,42.80,42.28,42.53,1369290
27-Aug-12,42.65,43.01,42.52,42.78,2044410
24-Aug-12,42.58,43.05,42.34,42.59,1137603
23-Aug-12,42.68,43.17,42.30,42.63,1287558
22-Aug-12,42.31,42.86,42.17,42.66,1610016
21-Aug-12,42.93,42.99,42.22,42.36,2051856
20-Aug-12,42.70,43.03,42.51,42.74,1426059
17-Aug-12,43.10,43.19,42.75,42.86,1853478
16-Aug-12,42.56,43.38,42.38,43.18,1045044
15-Aug-12,42.33,42.63,42.15,42.41,826083
14-Aug-12,42.88,42.96,42.30,42.42,904188
13-Aug-12,42.67,42.79,42.43,42.66,784230
10-Aug-12,42.46,42.70,42.28,42.68,899130
9-Aug-12,42.43,43.13,42.37,42.59,1115151
8-Aug-12,41.74,42.66,41.74,42.57,3155562
7-Aug-12,42.01,42.95,41.95,42.32,1643640
6-Aug-12,41.44,41.98,41.44,41.74,1645791
3-Aug-12,40.43,41.42,40.29,41.32,1991673
2-Aug-12,39.29,39.67,39.00,39.55,1597629
1-Aug-12,40.30,41.03,39.47,39.59,2045085
31-Jul-12,39.18,40.82,38.91,39.99,3606738
30-Jul-12,38.54,39.06,38.31,38.60,1458330
27-Jul-12,37.67,38.99,37.42,38.70,2733318
26-Jul-12,37.56,37.92,37.08,37.40,1912536
25-Jul-12,36.84,37.25,36.33,36.90,1701969
24-Jul-12,37.13,37.41,36.37,36.65,1210524
23-Jul-12,36.50,37.46,36.41,37.12,1422741
20-Jul-12,37.52,38.14,37.24,37.49,2024232
19-Jul-12,37.83,38.47,37.80,37.91,1516899
18-Jul-12,36.75,38.33,36.65,37.85,1318539
17-Jul-12,36.83,37.17,36.22,37.00,1264167
16-Jul-12,36.85,36.95,36.19,36.65,1224642
13-Jul-12,36.34,36.95,36.19,36.90,1244916
12-Jul-12,35.30,36.36,35.30,36.18,2381826
11-Jul-12,37.55,37.70,36.21,36.35,2927952
10-Jul-12,38.89,39.03,37.18,37.52,2294124
9-Jul-12,38.66,39.06,38.51,38.82,993408
6-Jul-12,38.55,38.99,38.44,38.75,1601859
5-Jul-12,38.96,39.30,38.86,39.05,1574514
3-Jul-12,38.41,39.13,38.40,39.10,1054200
2-Jul-12,38.32,38.57,37.84,38.43,1333644
29-Jun-12,38.30,38.54,38.13,38.25,1952313
28-Jun-12,36.75,37.59,36.70,37.40,2090385
27-Jun-12,36.27,37.32,36.27,37.06,1974807
26-Jun-12,35.58,36.55,35.52,36.20,2414598
25-Jun-12,36.16,36.16,35.22,35.54,1481844
22-Jun-12,35.64,36.21,35.57,35.84,1453428
21-Jun-12,36.94,37.18,35.90,35.99,1855953
20-Jun-12,36.62,37.18,36.45,36.88,1209990
19-Jun-12,36.26,37.22,36.26,36.68,2921907
18-Jun-12,36.07,36.39,35.65,36.19,1170579
15-Jun-12,35.74,36.17,35.49,36.15,2200845
14-Jun-12,34.86,35.72,34.69,35.39,2323863
13-Jun-12,34.82,35.44,34.38,34.86,2022792
12-Jun-12,34.72,35.08,34.33,35.04,1901196
11-Jun-12,35.53,35.55,34.56,34.60,1501326
8-Jun-12,34.79,35.24,34.43,35.04,1459449
7-Jun-12,35.73,35.97,34.88,34.93,2115255
6-Jun-12,34.42,35.22,34.39,35.20,1751577
5-Jun-12,33.27,34.30,33.22,34.16,1928433
4-Jun-12,33.71,33.96,32.80,33.39,2324523
1-Jun-12,33.71,33.83,33.33,33.48,3750075
31-May-12,35.39,35.39,33.83,34.26,2461761
30-May-12,35.87,35.87,35.23,35.34,1705035
29-May-12,35.44,36.52,35.44,36.11,1970043
25-May-12,35.92,36.10,35.25,35.31,1544253
24-May-12,36.17,36.17,35.57,36.00,996789
23-May-12,35.28,36.13,34.53,36.00,1442079
22-May-12,35.35,36.06,35.22,35.72,1740099
21-May-12,34.03,35.48,34.00,35.31,1680939
18-May-12,34.42,34.95,33.72,33.86,2402178
17-May-12,35.78,35.83,34.20,34.25,2408526
16-May-12,36.48,37.11,35.70,35.78,1816017
15-May-12,36.94,37.14,36.16,36.28,1615188
14-May-12,37.14,37.49,36.64,37.02,1335585
11-May-12,36.89,38.14,36.89,37.65,2112219
10-May-12,37.39,37.76,36.83,37.17,1561407
9-May-12,36.47,37.77,35.77,37.00,2631237
8-May-12,36.83,37.13,36.16,37.02,2004279
7-May-12,37.23,37.38,36.56,37.10,1687905
4-May-12,37.68,38.68,37.27,37.44,1974117
3-May-12,39.05,39.46,38.57,39.00,2224671
2-May-12,37.68,39.86,37.56,39.19,3939978
1-May-12,38.37,39.00,37.77,37.83,2166450
30-Apr-12,38.71,38.76,37.90,38.31,1687422
27-Apr-12,38.19,38.94,38.18,38.63,1274529
26-Apr-12,37.38,38.12,37.38,38.05,1029237
25-Apr-12,37.74,38.02,37.42,37.56,1200573
24-Apr-12,36.58,37.50,36.51,37.33,1619928
23-Apr-12,36.54,36.70,36.17,36.48,1166808
20-Apr-12,37.30,37.56,37.10,37.17,2039856
19-Apr-12,37.89,38.09,36.90,37.04,1552491
18-Apr-12,37.86,38.22,37.63,37.82,1097820
17-Apr-12,37.67,38.43,37.60,38.07,1319859
16-Apr-12,37.42,37.64,36.98,37.33,822909
13-Apr-12,37.41,37.54,36.97,37.09,578430
12-Apr-12,36.69,37.67,36.64,37.52,781116
11-Apr-12,36.90,37.22,36.57,36.69,1042365
10-Apr-12,37.37,37.48,36.27,36.41,1383438
9-Apr-12,37.65,37.77,37.25,37.60,735252
5-Apr-12,38.33,38.80,38.33,38.58,1072239
4-Apr-12,38.66,38.69,38.28,38.48,1210029
3-Apr-12,39.05,39.14,38.73,39.06,1694634
